{"cameraMode":{"drawMode":0,"name":"Shaded","section":"Shading Mode"},"sceneLighting":false,"audioPlay":false,"sceneViewState":{"m_AlwaysRefresh":false,"showFog":true,"showSkybox":false,"showFlares":true,"showImageEffects":true,"showParticleSystems":true,"showVisualEffectGraphs":true,"m_FxEnabled":false},"in2DMode":false,"pivot":{"x":0.1537652611732483,"y":0.151239812374115,"z":0.20162327587604524},"rotation":{"x":0.08567467331886292,"y":-0.8771331310272217,"z":0.17050959169864655,"w":0.4407200813293457},"size":0.35883045196533205,"orthographic":false}