{"cameraMode":{"drawMode":0,"name":"Shaded","section":"Shading Mode"},"sceneLighting":false,"audioPlay":false,"sceneViewState":{"m_AlwaysRefresh":false,"showFog":true,"showSkybox":false,"showFlares":true,"showImageEffects":true,"showParticleSystems":true,"showVisualEffectGraphs":true,"m_FxEnabled":true},"in2DMode":false,"pivot":{"x":-0.06260794401168823,"y":0.0898289680480957,"z":-0.05929712951183319},"rotation":{"x":-0.3519504964351654,"y":0.5800015330314636,"z":-0.30548474192619326,"w":-0.6681612133979797},"size":0.6628659963607788,"orthographic":false}