{"cameraMode":{"drawMode":0,"name":"Shaded","section":"Shading Mode"},"sceneLighting":false,"audioPlay":false,"sceneViewState":{"m_AlwaysRefresh":false,"showFog":true,"showSkybox":false,"showFlares":true,"showImageEffects":true,"showParticleSystems":true,"showVisualEffectGraphs":true,"m_FxEnabled":true},"in2DMode":false,"pivot":{"x":0.8738672733306885,"y":1.0199328660964966,"z":0.7364621162414551},"rotation":{"x":0.017785420641303064,"y":-0.979242742061615,"z":0.17887569963932038,"w":0.09544504433870316},"size":1.97575044631958,"orthographic":false}