{"cameraMode":{"drawMode":0,"name":"Shaded","section":"Shading Mode"},"sceneLighting":false,"audioPlay":false,"sceneViewState":{"m_AlwaysRefresh":false,"showFog":true,"showSkybox":false,"showFlares":true,"showImageEffects":true,"showParticleSystems":true,"showVisualEffectGraphs":true,"m_FxEnabled":true},"in2DMode":false,"pivot":{"x":-5.607668399810791,"y":0.6172955632209778,"z":-3.0451836585998537},"rotation":{"x":0.08700332790613175,"y":-0.8529886603355408,"z":0.15139737725257874,"w":0.49206042289733889},"size":8.048922538757325,"orthographic":false}