{"cameraMode":{"drawMode":0,"name":"Shaded","section":"Shading Mode"},"sceneLighting":true,"audioPlay":false,"sceneViewState":{"m_AlwaysRefresh":false,"showFog":true,"showSkybox":true,"showFlares":true,"showImageEffects":true,"showParticleSystems":true,"showVisualEffectGraphs":true,"m_FxEnabled":true},"in2DMode":false,"pivot":{"x":59.58198165893555,"y":16.299842834472658,"z":62.928768157958987},"rotation":{"x":-0.0064191753044724468,"y":-0.8241159319877625,"z":-0.009424343705177307,"w":0.5663536787033081},"size":23.163633346557618,"orthographic":false}