{"cameraMode":{"drawMode":0,"name":"Shaded","section":"Shading Mode"},"sceneLighting":true,"audioPlay":false,"sceneViewState":{"m_AlwaysRefresh":false,"showFog":true,"showSkybox":true,"showFlares":true,"showImageEffects":true,"showParticleSystems":true,"showVisualEffectGraphs":true,"m_FxEnabled":false},"in2DMode":false,"pivot":{"x":3.8997597694396974,"y":3.4868531227111818,"z":5.602312088012695},"rotation":{"x":0.14537231624126435,"y":0.3912421762943268,"z":-0.06273791939020157,"w":0.906573474407196},"size":1.1077371835708619,"orthographic":false}