{"cameraMode":{"drawMode":0,"name":"Shaded","section":"Shading Mode"},"sceneLighting":false,"audioPlay":false,"sceneViewState":{"m_AlwaysRefresh":false,"showFog":true,"showSkybox":true,"showFlares":true,"showImageEffects":true,"showParticleSystems":true,"showVisualEffectGraphs":true,"m_FxEnabled":true},"in2DMode":false,"pivot":{"x":3.5339207649230959,"y":3.488635778427124,"z":3.5776150226593019},"rotation":{"x":-0.06535501033067703,"y":-0.3910982310771942,"z":0.02784796617925167,"w":-0.9176152944564819},"size":1.2247449159622193,"orthographic":false}