{"cameraMode":{"drawMode":0,"name":"Shaded","section":"Shading Mode"},"sceneLighting":true,"audioPlay":false,"sceneViewState":{"m_AlwaysRefresh":false,"showFog":true,"showSkybox":true,"showFlares":true,"showImageEffects":true,"showParticleSystems":true,"showVisualEffectGraphs":true,"m_FxEnabled":true},"in2DMode":false,"pivot":{"x":6.556003570556641,"y":3.6780946254730226,"z":3.0561347007751467},"rotation":{"x":0.08325257897377014,"y":0.034972649067640308,"z":-0.002924121916294098,"w":0.9959171414375305},"size":0.8660253882408142,"orthographic":false}