{"cameraMode":{"drawMode":0,"name":"Shaded","section":"Shading Mode"},"sceneLighting":true,"audioPlay":false,"sceneViewState":{"m_AlwaysRefresh":false,"showFog":true,"showSkybox":true,"showFlares":true,"showImageEffects":true,"showParticleSystems":true,"showVisualEffectGraphs":true,"m_FxEnabled":true},"in2DMode":false,"pivot":{"x":188.7790069580078,"y":5.926266193389893,"z":93.17029571533203},"rotation":{"x":0.029405847191810609,"y":0.7031077146530151,"z":-0.029125390574336053,"w":0.7098870873451233},"size":15.245365142822266,"orthographic":false}