{"cameraMode":{"drawMode":0,"name":"Shaded","section":"Shading Mode"},"sceneLighting":true,"audioPlay":false,"sceneViewState":{"m_AlwaysRefresh":false,"showFog":true,"showSkybox":true,"showFlares":true,"showImageEffects":true,"showParticleSystems":true,"showVisualEffectGraphs":true,"m_FxEnabled":true},"in2DMode":false,"pivot":{"x":151.60726928710938,"y":10.406368255615235,"z":88.19188690185547},"rotation":{"x":-0.21048396825790406,"y":-0.01700691320002079,"z":0.0036564532201737167,"w":-0.9774548411369324},"size":6.8137431144714359,"orthographic":false}