{"cameraMode":{"drawMode":0,"name":"Shaded","section":"Shading Mode"},"sceneLighting":false,"audioPlay":false,"sceneViewState":{"m_AlwaysRefresh":false,"showFog":true,"showSkybox":false,"showFlares":true,"showImageEffects":true,"showParticleSystems":true,"showVisualEffectGraphs":true,"m_FxEnabled":false},"in2DMode":false,"pivot":{"x":0.000443875789642334,"y":0.6982684135437012,"z":0.006867766380310059},"rotation":{"x":-0.08261047303676605,"y":0.09702401608228684,"z":0.008082383312284947,"w":0.9918203949928284},"size":0.6859074831008911,"orthographic":false}