{"cameraMode":{"drawMode":0,"name":"Shaded","section":"Shading Mode"},"sceneLighting":true,"audioPlay":false,"sceneViewState":{"m_AlwaysRefresh":false,"showFog":true,"showSkybox":false,"showFlares":true,"showImageEffects":true,"showParticleSystems":true,"showVisualEffectGraphs":true,"m_FxEnabled":false},"in2DMode":false,"pivot":{"x":0.15039965510368348,"y":-0.05015666037797928,"z":-0.09095063805580139},"rotation":{"x":0.04140527918934822,"y":-0.39057713747024538,"z":0.017585670575499536,"w":0.9194754362106323},"size":0.26019006967544558,"orthographic":false}