{"cameraMode":{"drawMode":0,"name":"Shaded","section":"Shading Mode"},"sceneLighting":false,"audioPlay":false,"sceneViewState":{"m_AlwaysRefresh":false,"showFog":true,"showSkybox":false,"showFlares":true,"showImageEffects":true,"showParticleSystems":true,"showVisualEffectGraphs":true,"m_FxEnabled":true},"in2DMode":false,"pivot":{"x":-0.4554343521595001,"y":0.3445345461368561,"z":-0.1048383116722107},"rotation":{"x":0.18974082171916963,"y":-0.5821722745895386,"z":0.14150334894657136,"w":0.7781352996826172},"size":1.4391899108886719,"orthographic":false}