{"cameraMode":{"drawMode":0,"name":"Shaded","section":"Shading Mode"},"sceneLighting":false,"audioPlay":false,"sceneViewState":{"m_AlwaysRefresh":false,"showFog":true,"showSkybox":false,"showFlares":true,"showImageEffects":true,"showParticleSystems":true,"showVisualEffectGraphs":true,"m_FxEnabled":true},"in2DMode":false,"pivot":{"x":0.03742286562919617,"y":0.427619993686676,"z":-0.03377839922904968},"rotation":{"x":0.2618923485279083,"y":0.2561072111129761,"z":-0.07269498705863953,"w":0.9278343915939331},"size":1.162436604499817,"orthographic":false}