{"cameraMode":{"drawMode":0,"name":"Shaded","section":"Shading Mode"},"sceneLighting":false,"audioPlay":false,"sceneViewState":{"m_AlwaysRefresh":false,"showFog":true,"showSkybox":false,"showFlares":true,"showImageEffects":true,"showParticleSystems":true,"showVisualEffectGraphs":true,"m_FxEnabled":true},"in2DMode":false,"pivot":{"x":0.000009045004844665527,"y":0.14528676867485047,"z":-0.0005039721727371216},"rotation":{"x":-0.01808629184961319,"y":-0.5573561787605286,"z":-0.012698311358690262,"w":0.8302464485168457},"size":0.19738733768463136,"orthographic":false}