{"cameraMode":{"drawMode":0,"name":"Shaded","section":"Shading Mode"},"sceneLighting":false,"audioPlay":false,"sceneViewState":{"m_AlwaysRefresh":false,"showFog":true,"showSkybox":false,"showFlares":true,"showImageEffects":true,"showParticleSystems":true,"showVisualEffectGraphs":true,"m_FxEnabled":true},"in2DMode":false,"pivot":{"x":0.26821431517601015,"y":0.12193432450294495,"z":0.15253272652626038},"rotation":{"x":0.40872400999069216,"y":-0.042185183614492419,"z":0.019238049164414407,"w":0.9116109609603882},"size":0.8562355041503906,"orthographic":false}