{"cameraMode":{"drawMode":0,"name":"Shaded","section":"Shading Mode"},"sceneLighting":false,"audioPlay":false,"sceneViewState":{"m_AlwaysRefresh":false,"showFog":true,"showSkybox":false,"showFlares":true,"showImageEffects":true,"showParticleSystems":true,"showVisualEffectGraphs":true,"m_FxEnabled":true},"in2DMode":false,"pivot":{"x":0.7662599086761475,"y":2.0625321865081789,"z":1.0477161407470704},"rotation":{"x":-0.03437481075525284,"y":-0.9134981036186218,"z":0.09103768318891525,"w":-0.3962760269641876},"size":1.4793894290924073,"orthographic":false}