{"cameraMode":{"drawMode":0,"name":"Shaded","section":"Shading Mode"},"sceneLighting":false,"audioPlay":false,"sceneViewState":{"m_AlwaysRefresh":false,"showFog":true,"showSkybox":false,"showFlares":true,"showImageEffects":true,"showParticleSystems":true,"showVisualEffectGraphs":true,"m_FxEnabled":true},"in2DMode":false,"pivot":{"x":-0.1637444943189621,"y":0.13808533549308778,"z":-0.041191305965185168},"rotation":{"x":-0.054128341376781467,"y":0.8593984842300415,"z":-0.09357579052448273,"w":-0.5000701546669006},"size":0.2797071635723114,"orthographic":false}