{"cameraMode":{"drawMode":0,"name":"Shaded","section":"Shading Mode"},"sceneLighting":false,"audioPlay":false,"sceneViewState":{"m_AlwaysRefresh":false,"showFog":true,"showSkybox":false,"showFlares":true,"showImageEffects":true,"showParticleSystems":true,"showVisualEffectGraphs":true,"m_FxEnabled":false},"in2DMode":false,"pivot":{"x":-2.768446922302246,"y":1.0336607694625855,"z":-1.7312042713165284},"rotation":{"x":0.0011126595782116056,"y":0.9975935220718384,"z":-0.016461722552776338,"w":0.06742241978645325},"size":2.1383678913116457,"orthographic":false}