{"cameraMode":{"drawMode":0,"name":"Shaded","section":"Shading Mode"},"sceneLighting":false,"audioPlay":false,"sceneViewState":{"m_AlwaysRefresh":false,"showFog":true,"showSkybox":false,"showFlares":true,"showImageEffects":true,"showParticleSystems":true,"showVisualEffectGraphs":true,"m_FxEnabled":true},"in2DMode":false,"pivot":{"x":-1.4099618196487427,"y":0.09833216667175293,"z":2.0810840129852297},"rotation":{"x":0.2618923485279083,"y":0.2561072111129761,"z":-0.07269498705863953,"w":0.9278343915939331},"size":2.0343549251556398,"orthographic":false}