{"cameraMode":{"drawMode":0,"name":"Shaded","section":"Shading Mode"},"sceneLighting":true,"audioPlay":false,"sceneViewState":{"m_AlwaysRefresh":false,"showFog":true,"showSkybox":false,"showFlares":true,"showImageEffects":true,"showParticleSystems":true,"showVisualEffectGraphs":true,"m_FxEnabled":true},"in2DMode":false,"pivot":{"x":-2.320157051086426,"y":-1.1179405450820923,"z":0.3950309753417969},"rotation":{"x":-0.01808629184961319,"y":-0.5573561787605286,"z":-0.012698311358690262,"w":0.8302464485168457},"size":3.7011520862579347,"orthographic":false}