{"cameraMode":{"drawMode":0,"name":"Shaded","section":"Shading Mode"},"sceneLighting":false,"audioPlay":false,"sceneViewState":{"m_AlwaysRefresh":false,"showFog":true,"showSkybox":false,"showFlares":true,"showImageEffects":true,"showParticleSystems":true,"showVisualEffectGraphs":true,"m_FxEnabled":true},"in2DMode":false,"pivot":{"x":-3.725290298461914e-8,"y":0.16544708609580995,"z":-2.980232238769531e-7},"rotation":{"x":-0.01808629184961319,"y":-0.5573561787605286,"z":-0.012698311358690262,"w":0.8302464485168457},"size":0.22146469354629517,"orthographic":false}