{"cameraMode":{"drawMode":0,"name":"Shaded","section":"Shading Mode"},"sceneLighting":false,"audioPlay":false,"sceneViewState":{"m_AlwaysRefresh":false,"showFog":true,"showSkybox":false,"showFlares":true,"showImageEffects":true,"showParticleSystems":true,"showVisualEffectGraphs":true,"m_FxEnabled":true},"in2DMode":false,"pivot":{"x":23.827102661132814,"y":1.5765925645828248,"z":36.85622024536133},"rotation":{"x":0.05006948113441467,"y":0.01884387992322445,"z":-0.0009476077975705266,"w":0.9985808730125427},"size":5.244044303894043,"orthographic":false}