{"cameraMode":{"drawMode":0,"name":"Shaded","section":"Shading Mode"},"sceneLighting":false,"audioPlay":false,"sceneViewState":{"m_AlwaysRefresh":false,"showFog":true,"showSkybox":false,"showFlares":true,"showImageEffects":true,"showParticleSystems":true,"showVisualEffectGraphs":true,"m_FxEnabled":true},"in2DMode":false,"pivot":{"x":-0.020189136266708375,"y":0.6618125438690186,"z":-0.004293113946914673},"rotation":{"x":0.017785420641303064,"y":-0.979242742061615,"z":0.17887569963932038,"w":0.09544504433870316},"size":0.8717859387397766,"orthographic":false}