{"cameraMode":{"drawMode":0,"name":"Shaded","section":"Shading Mode"},"sceneLighting":false,"audioPlay":false,"sceneViewState":{"m_AlwaysRefresh":false,"showFog":true,"showSkybox":false,"showFlares":true,"showImageEffects":true,"showParticleSystems":true,"showVisualEffectGraphs":true,"m_FxEnabled":true},"in2DMode":false,"pivot":{"x":0.6266071796417236,"y":0.5063768625259399,"z":0.030730366706848146},"rotation":{"x":-0.0786324143409729,"y":0.8997114300727844,"z":-0.18191207945346833,"w":-0.38890525698661806},"size":1.3896535634994507,"orthographic":false}