{"cameraMode":{"drawMode":0,"name":"Shaded","section":"Shading Mode"},"sceneLighting":false,"audioPlay":false,"sceneViewState":{"m_AlwaysRefresh":false,"showFog":true,"showSkybox":false,"showFlares":true,"showImageEffects":true,"showParticleSystems":true,"showVisualEffectGraphs":true,"m_FxEnabled":true},"in2DMode":false,"pivot":{"x":0.03527680039405823,"y":0.35913902521133425,"z":-0.00007927417755126953},"rotation":{"x":0.318630576133728,"y":-0.4635545611381531,"z":0.1835348904132843,"w":0.8063163161277771},"size":1.3401381969451905,"orthographic":false}