{"cameraMode":{"drawMode":0,"name":"Shaded","section":"Shading Mode"},"sceneLighting":false,"audioPlay":false,"sceneViewState":{"m_AlwaysRefresh":false,"showFog":true,"showSkybox":false,"showFlares":true,"showImageEffects":true,"showParticleSystems":true,"showVisualEffectGraphs":true,"m_FxEnabled":true},"in2DMode":false,"pivot":{"x":-0.012566234916448594,"y":0.07588351517915726,"z":-0.0016791708767414094},"rotation":{"x":0.4032806158065796,"y":0.17158618569374085,"z":-0.07688796520233154,"w":0.8956839442253113},"size":0.0836155042052269,"orthographic":false}