{"cameraMode":{"drawMode":0,"name":"Shaded","section":"Shading Mode"},"sceneLighting":false,"audioPlay":false,"sceneViewState":{"m_AlwaysRefresh":false,"showFog":true,"showSkybox":false,"showFlares":true,"showImageEffects":true,"showParticleSystems":true,"showVisualEffectGraphs":true,"m_FxEnabled":false},"in2DMode":false,"pivot":{"x":-8.352897644042969,"y":-2.525336742401123,"z":7.3408050537109379},"rotation":{"x":0.04140527918934822,"y":-0.39057713747024538,"z":0.017585670575499536,"w":0.9194754362106323},"size":1.1034257411956788,"orthographic":false}