{"cameraMode":{"drawMode":0,"name":"Shaded","section":"Shading Mode"},"sceneLighting":false,"audioPlay":false,"sceneViewState":{"m_AlwaysRefresh":false,"showFog":true,"showSkybox":false,"showFlares":true,"showImageEffects":true,"showParticleSystems":true,"showVisualEffectGraphs":true,"m_FxEnabled":false},"in2DMode":false,"pivot":{"x":-0.39444515109062197,"y":0.9189841151237488,"z":-0.05259416252374649},"rotation":{"x":0.08567467331886292,"y":-0.8771331310272217,"z":0.17050959169864655,"w":0.4407200813293457},"size":0.8512800335884094,"orthographic":false}