{"cameraMode":{"drawMode":0,"name":"Shaded","section":"Shading Mode"},"sceneLighting":false,"audioPlay":false,"sceneViewState":{"m_AlwaysRefresh":false,"showFog":true,"showSkybox":false,"showFlares":true,"showImageEffects":true,"showParticleSystems":true,"showVisualEffectGraphs":true,"m_FxEnabled":true},"in2DMode":false,"pivot":{"x":0.06866387277841568,"y":0.3423667252063751,"z":0.08826512843370438},"rotation":{"x":0.343425989151001,"y":-0.6115999817848206,"z":0.33397534489631655,"w":0.6298437714576721},"size":0.4227837026119232,"orthographic":false}