{"cameraMode":{"drawMode":0,"name":"Shaded","section":"Shading Mode"},"sceneLighting":false,"audioPlay":false,"sceneViewState":{"m_AlwaysRefresh":false,"showFog":true,"showSkybox":false,"showFlares":true,"showImageEffects":true,"showParticleSystems":true,"showVisualEffectGraphs":true,"m_FxEnabled":false},"in2DMode":false,"pivot":{"x":-0.9428554773330689,"y":0.39712804555892947,"z":0.06572822481393814},"rotation":{"x":0.19999735057353974,"y":0.19431135058403016,"z":-0.04050435498356819,"w":0.9594860076904297},"size":1.022900938987732,"orthographic":false}