{"cameraMode":{"drawMode":0,"name":"Shaded","section":"Shading Mode"},"sceneLighting":false,"audioPlay":false,"sceneViewState":{"m_AlwaysRefresh":false,"showFog":true,"showSkybox":false,"showFlares":true,"showImageEffects":true,"showParticleSystems":true,"showVisualEffectGraphs":true,"m_FxEnabled":true},"in2DMode":false,"pivot":{"x":-0.3740603029727936,"y":0.3812984824180603,"z":0.15356969833374024},"rotation":{"x":-0.3313063085079193,"y":0.02804516814649105,"z":-0.010191231966018677,"w":-0.9432216882705689},"size":0.7512102127075195,"orthographic":false}