{"cameraMode":{"drawMode":0,"name":"Shaded","section":"Shading Mode"},"sceneLighting":false,"audioPlay":false,"sceneViewState":{"m_AlwaysRefresh":false,"showFog":true,"showSkybox":false,"showFlares":true,"showImageEffects":true,"showParticleSystems":true,"showVisualEffectGraphs":true,"m_FxEnabled":true},"in2DMode":false,"pivot":{"x":-0.04132916033267975,"y":-0.10212195664644242,"z":0.39205384254455569},"rotation":{"x":0.1552252471446991,"y":-0.6993778347969055,"z":0.16028359532356263,"w":0.6791846752166748},"size":0.0750717893242836,"orthographic":false}