{"cameraMode":{"drawMode":0,"name":"Shaded","section":"Shading Mode"},"sceneLighting":false,"audioPlay":false,"sceneViewState":{"m_AlwaysRefresh":false,"showFog":true,"showSkybox":false,"showFlares":true,"showImageEffects":true,"showParticleSystems":true,"showVisualEffectGraphs":true,"m_FxEnabled":false},"in2DMode":false,"pivot":{"x":-0.008360415697097779,"y":0.25646865367889407,"z":-0.016046911478042604},"rotation":{"x":0.28549739718437197,"y":-0.2626853287220001,"z":0.08168944716453552,"w":0.9180543422698975},"size":0.3249989449977875,"orthographic":false}