{"cameraMode":{"drawMode":0,"name":"Shaded","section":"Shading Mode"},"sceneLighting":true,"audioPlay":false,"sceneViewState":{"m_AlwaysRefresh":false,"showFog":true,"showSkybox":false,"showFlares":true,"showImageEffects":true,"showParticleSystems":true,"showVisualEffectGraphs":true,"m_FxEnabled":true},"in2DMode":false,"pivot":{"x":0.39073747396469118,"y":-0.1722659468650818,"z":-0.14924770593643189},"rotation":{"x":0.08216284960508347,"y":0.2938525974750519,"z":-0.02538752742111683,"w":0.9519997239112854},"size":0.8013214468955994,"orthographic":false}