{"cameraMode":{"drawMode":0,"name":"Shaded","section":"Shading Mode"},"sceneLighting":false,"audioPlay":false,"sceneViewState":{"m_AlwaysRefresh":false,"showFog":true,"showSkybox":false,"showFlares":true,"showImageEffects":true,"showParticleSystems":true,"showVisualEffectGraphs":true,"m_FxEnabled":true},"in2DMode":false,"pivot":{"x":-4.470348358154297e-8,"y":-3.5762786865234377e-7,"z":0.0003611329011619091},"rotation":{"x":-0.0898723229765892,"y":0.8818904161453247,"z":-0.4240981638431549,"w":-0.1862102448940277},"size":0.25482186675071719,"orthographic":false}