{"cameraMode":{"drawMode":0,"name":"Shaded","section":"Shading Mode"},"sceneLighting":false,"audioPlay":false,"sceneViewState":{"m_AlwaysRefresh":false,"showFog":true,"showSkybox":false,"showFlares":true,"showImageEffects":true,"showParticleSystems":true,"showVisualEffectGraphs":true,"m_FxEnabled":false},"in2DMode":false,"pivot":{"x":0.033500462770462039,"y":0.31435713171958926,"z":-0.013023555278778077},"rotation":{"x":-0.012541658245027066,"y":0.09585945308208466,"z":0.0012088149087503553,"w":0.9953206181526184},"size":0.6932242512702942,"orthographic":false}