{"cameraMode":{"drawMode":0,"name":"Shaded","section":"Shading Mode"},"sceneLighting":false,"audioPlay":false,"sceneViewState":{"m_AlwaysRefresh":false,"showFog":true,"showSkybox":false,"showFlares":true,"showImageEffects":true,"showParticleSystems":true,"showVisualEffectGraphs":true,"m_FxEnabled":true},"in2DMode":false,"pivot":{"x":0.0426989309489727,"y":0.7153570055961609,"z":0.18703895807266236},"rotation":{"x":-0.4617787301540375,"y":-0.07357029616832733,"z":0.03849262744188309,"w":-0.8831178545951843},"size":0.3796309530735016,"orthographic":false}