{"cameraMode":{"drawMode":0,"name":"Shaded","section":"Shading Mode"},"sceneLighting":false,"audioPlay":false,"sceneViewState":{"m_AlwaysRefresh":false,"showFog":true,"showSkybox":false,"showFlares":true,"showImageEffects":true,"showParticleSystems":true,"showVisualEffectGraphs":true,"m_FxEnabled":false},"in2DMode":false,"pivot":{"x":-0.9391731023788452,"y":0.7126110792160034,"z":0.1515444964170456},"rotation":{"x":0.15838252007961274,"y":-0.7140681147575378,"z":0.17134138941764832,"w":0.6600538492202759},"size":1.6918556690216065,"orthographic":false}