{"cameraMode":{"drawMode":0,"name":"Shaded","section":"Shading Mode"},"sceneLighting":false,"audioPlay":false,"sceneViewState":{"m_AlwaysRefresh":false,"showFog":true,"showSkybox":false,"showFlares":true,"showImageEffects":true,"showParticleSystems":true,"showVisualEffectGraphs":true,"m_FxEnabled":false},"in2DMode":false,"pivot":{"x":0.08669060468673706,"y":0.7607628107070923,"z":0.10943770408630371},"rotation":{"x":-0.012541658245027066,"y":0.09585945308208466,"z":0.0012088149087503553,"w":0.9953206181526184},"size":1.3902193307876588,"orthographic":false}