{"cameraMode":{"drawMode":0,"name":"Shaded","section":"Shading Mode"},"sceneLighting":false,"audioPlay":false,"sceneViewState":{"m_AlwaysRefresh":false,"showFog":true,"showSkybox":false,"showFlares":true,"showImageEffects":true,"showParticleSystems":true,"showVisualEffectGraphs":true,"m_FxEnabled":true},"in2DMode":false,"pivot":{"x":-0.07481911033391953,"y":-1.31656014919281,"z":-3.5674378871917726},"rotation":{"x":0.0006868868949823082,"y":0.9734346270561218,"z":-0.22895018756389619,"w":0.0029202746227383615},"size":2.4468507766723635,"orthographic":false}