{"cameraMode":{"drawMode":0,"name":"Shaded","section":"Shading Mode"},"sceneLighting":false,"audioPlay":false,"sceneViewState":{"m_AlwaysRefresh":false,"showFog":true,"showSkybox":false,"showFlares":true,"showImageEffects":true,"showParticleSystems":true,"showVisualEffectGraphs":true,"m_FxEnabled":true},"in2DMode":false,"pivot":{"x":0.21294809877872468,"y":-0.4296615719795227,"z":0.5048719644546509},"rotation":{"x":-0.0880771279335022,"y":-0.8999755382537842,"z":0.23479340970516206,"w":-0.3579695224761963},"size":1.4015209674835206,"orthographic":false}