{"cameraMode":{"drawMode":0,"name":"Shaded","section":"Shading Mode"},"sceneLighting":true,"audioPlay":false,"sceneViewState":{"m_AlwaysRefresh":false,"showFog":true,"showSkybox":false,"showFlares":true,"showImageEffects":true,"showParticleSystems":true,"showVisualEffectGraphs":true,"m_FxEnabled":true},"in2DMode":false,"pivot":{"x":0.12388819456100464,"y":-0.22673772275447846,"z":-0.033615536987781528},"rotation":{"x":-0.01808629184961319,"y":-0.5573561787605286,"z":-0.012698311358690262,"w":0.8302464485168457},"size":0.8991236090660095,"orthographic":false}