{"cameraMode":{"drawMode":0,"name":"Shaded","section":"Shading Mode"},"sceneLighting":false,"audioPlay":false,"sceneViewState":{"m_AlwaysRefresh":false,"showFog":true,"showSkybox":false,"showFlares":true,"showImageEffects":true,"showParticleSystems":true,"showVisualEffectGraphs":true,"m_FxEnabled":true},"in2DMode":false,"pivot":{"x":0.0009240172803401947,"y":0.09204234182834625,"z":-0.01528875157237053},"rotation":{"x":0.017785420641303064,"y":-0.979242742061615,"z":0.17887569963932038,"w":0.09544504433870316},"size":0.1115434467792511,"orthographic":false}