{"cameraMode":{"drawMode":0,"name":"Shaded","section":"Shading Mode"},"sceneLighting":false,"audioPlay":false,"sceneViewState":{"m_AlwaysRefresh":false,"showFog":true,"showSkybox":false,"showFlares":true,"showImageEffects":true,"showParticleSystems":true,"showVisualEffectGraphs":true,"m_FxEnabled":true},"in2DMode":false,"pivot":{"x":0.4101172089576721,"y":0.8785033226013184,"z":0.8574172854423523},"rotation":{"x":0.4032806158065796,"y":0.17158618569374085,"z":-0.07688796520233154,"w":0.8956839442253113},"size":1.8278353214263917,"orthographic":false}