{"cameraMode":{"drawMode":0,"name":"Shaded","section":"Shading Mode"},"sceneLighting":true,"audioPlay":false,"sceneViewState":{"m_AlwaysRefresh":false,"showFog":true,"showSkybox":false,"showFlares":true,"showImageEffects":true,"showParticleSystems":true,"showVisualEffectGraphs":true,"m_FxEnabled":true},"in2DMode":false,"pivot":{"x":43.377506256103519,"y":4.174272060394287,"z":20.93259620666504},"rotation":{"x":0.023801185190677644,"y":-0.9618543386459351,"z":0.2575662434101105,"w":0.09061898291110993},"size":0.9446197152137756,"orthographic":false}