{"cameraMode":{"drawMode":0,"name":"Shaded","section":"Shading Mode"},"sceneLighting":false,"audioPlay":false,"sceneViewState":{"m_AlwaysRefresh":false,"showFog":true,"showSkybox":false,"showFlares":true,"showImageEffects":true,"showParticleSystems":true,"showVisualEffectGraphs":true,"m_FxEnabled":true},"in2DMode":false,"pivot":{"x":0.005246125161647797,"y":0.11062072217464447,"z":0.06881240010261536},"rotation":{"x":0.12532959878444673,"y":0.7257899641990662,"z":-0.13777008652687074,"w":0.6624813675880432},"size":0.15413540601730348,"orthographic":false}